영업소코드,영업소명,고속도로운영기관구분코드,TCS노선번호,TCS본부코드,TCS지사코드,영업형태구분코드,영업방식구분코드,전화번호,가동영업소여부,입구차로수,출구차로수,가변차로수,민자마지막IC여부,가상영업소여부
000,미지정(입구),  ,   ,   ,      ,0,0,, ,0,0,0,N,Y
021,수원장안,67,   ,977,907700,1,2,1877-1790(1),Y,4,4,0,N,N
022,조원,67,   ,977,907700,1,2,1877-1790(1),Y,4,4,0,N,N
047,한밭,66,   ,976,906600,1,2,042-670-2700,Y,7,7,0,N,N
048,대화,66,   ,976,906600,1,2,042-670-2700,Y,4,4,0,N,N
051,산성터널,63,   ,973,906300,1,2,,Y,0,0,0,N,N
052,천마산터널,64,   ,974,906400,1,2,,Y,6,6,0,N,N
054,용전,69,   ,979,906900,1,2,(055)256-5551,Y,4,4,0,N,N
055,팔룡터널,65,   ,975,906500,1,2,1899-8534,Y,7,7,0,N,N
072,서부간선,70,   ,980,907000,1,2,(02)500-9200,Y,4,4,0,N,N
081,서울터널,68,   ,978,906800,1,1,1599-1111,Y,20,20,0,N,N
997,최장*3,00,   ,   ,      ,0,0,,Y,0,0,0,N,Y
999,최장*10,00,   ,   ,      ,0,0,,Y,0,0,0,N,Y
9999,전체영업소,00,00 ,   ,      ,0,0,,Y,0,0,0,N,Y
005,화성비봉,42,000,952,904200,1,2,1877-1504,Y,6,6,0,N,N
006,서별내,41,000,951,904100,1,2,(031)515-6091,Y,3,3,0,N,N
007,동별내,41,000,951,904100,1,2,(031)515-6092,Y,3,3,0,N,N
008,우면산,40,000,950,904000,1,2,,Y,1,1,0,N,N
009,남청라(개),35,000,911,903500,1,2,,Y,0,0,0,N,N
016,소태,31,000,941,903100,1,2,(062)220-8880,Y,7,7,0,N,N
017,송암,32,000,942,903200,1,2,(062)670-7100,Y,4,4,0,N,N
018,유덕,33,000,943,903300,1,2,(062)370-0500,Y,6,6,0,N,N
019,금천,29,000,939,902900,1,2,070-4435-0641,Y,7,7,0,N,N
023,고모,27,000,937,902700,1,2,053-790-1600,Y,1,1,0,N,N
024,삼덕,27,000,937,902700,1,2,053-791-6633,Y,1,1,0,N,N
027,예전,26,000,936,902600,1,2,052)710-3066,Y,2,2,0,N,N
028,염포산,26,000,936,902600,1,2,052)710-3066,Y,6,6,0,N,N
030,용마터널,25,000,935,902500,1,2,031-566-5300,Y,4,4,0,N,N
044,일산대교,06,000,914,900600,1,2,031)988-6892,Y,6,6,0,N,N
049,앞산,20,000,930,902000,1,2,000000000001661-5388,Y,4,4,0,N,N
050,파동,20,000,930,902000,1,2,000000000001661-5388,Y,6,6,0,N,N
060,선암,29,000,939,902900,1,2,070-4437-1715,Y,6,6,0,N,N
070,미시령터널,24,000,934,902400,1,2,00000000033-635-7338,Y,6,6,0,N,N
075,명지,13,000,921,901300,1,0,051-271-8585,Y,6,7,0,N,N
076,가덕,16,000,924,901600,1,0,1644-0082,Y,20,20,0,N,N
077,거제,16,000,924,901600,1,0,1644-0082,Y,20,20,0,N,N
078,창원,21,000,931,902100,1,2,055)213-7200,Y,7,7,0,N,N
079,녹산,21,000,931,902100,1,2,055)213-7266,Y,4,4,0,N,N
080,수정산터널,22,000,932,902200,1,1,051)893-5840,Y,1,1,0,N,N
086,물왕,15,000,923,901500,1,2,031)8084-8940,Y,8,7,0,N,N
087,연성,15,000,923,901500,1,2,031-313-3013,Y,3,3,0,N,N
088,고잔,15,000,923,901500,1,2,032-422-3015,Y,10,9,0,N,N
089,정왕,15,000,923,901500,1,0,,Y,0,0,0,N,N
090,부산항대교,23,000,933,902300,1,1,,Y,1,1,0,N,N
093,개금요금소,07,000,913,900700,1,1,051-790-7052,Y,1,1,0,N,N
094,광안대로,07,000,913,900700,1,1,051)780-0042,Y,5,5,0,N,N
095,백양터널,14,000,922,901400,1,1,051)309-2600,Y,1,1,0,N,N
096,마창대교,19,000,929,901900,1,2,        055-710-2000,Y,6,6,0,N,N
886,청라원창,35,000,911,903500,0,2,032-292-7236,Y,0,0,0,N,N
887,남청라,35,000,911,903500,0,2,032-292-7150,Y,0,0,0,N,N
889,북청라,35,000,911,903500,0,2,032-292-7249,Y,0,0,0,N,N
890,검단양촌,35,000,911,903500,0,2,032-292-7198,Y,0,0,0,N,N
891,대곶,35,000,911,903500,0,2,032-292-7211,Y,0,0,0,N,N
892,서김포통진,35,000,911,903500,0,2,032-292-7224,Y,0,0,0,N,N
950,만남의광장(서울),30,000,940,903000,1,2,,Y,1,1,0,N,N
065,판교,00,001,901,210300,1,2,031-327-2129,Y,9,9,0,N,N
069,대왕판교,00,001,901,210300,1,2,031-327-2130,Y,3,3,0,N,N
101,서울,00,001,901,210300,0,2,031-327-2124,Y,13,38,0,N,N
103,수원신갈,00,001,901,210300,0,2,031-327-2125,Y,7,16,0,N,N
105,기흥,00,001,901,210300,0,2,031-327-2126,Y,3,11,0,N,N
106,오산,00,001,901,210300,0,2,031-327-2128,Y,4,9,0,N,N
107,안성,00,001,903,410100,0,2,031-327-2151,Y,4,9,0,N,N
108,천안,00,001,903,410100,0,2,041-411-2426,Y,5,10,0,N,N
110,목천,00,001,903,410100,0,2,041-411-2427,Y,3,5,0,N,N
111,청주,00,001,903,410100,0,2,043-756-2323,Y,2,5,0,N,N
112,남청주,00,001,903,410200,0,2,043-756-2324,Y,3,5,0,N,N
113,신탄진,00,001,903,410200,0,2,042-714-2499,Y,3,4,0,N,N
115,대전,00,001,903,410200,0,2,042-714-2498,Y,7,16,0,N,N
116,옥천,00,001,903,410500,0,2,043-756-2325,Y,2,4,0,N,N
117,금강,00,001,903,410500,0,2,043-756-2326,Y,1,1,0,N,N
118,영동,00,001,903,410500,0,2,043-756-2327,Y,1,2,0,N,N
120,황간,00,001,903,410500,0,2,043-756-2328,Y,1,2,0,N,N
121,추풍령,00,001,905,610100,0,2,054-706-2714,Y,2,2,0,N,N
122,김천,00,001,905,610100,0,2,054-706-2711,Y,2,4,0,N,N
123,구미,00,001,905,610100,0,2,054-706-2708,Y,3,6,0,N,N
125,남구미,00,001,905,610100,0,2,054-706-2707,Y,4,7,0,N,N
126,왜관,00,001,905,610100,0,2,054-706-2741,Y,3,6,0,N,N
127,서대구,00,001,905,610400,0,2,053-717-2797,Y,9,17,0,N,N
129,북대구,00,001,905,610200,0,2,053-717-2796,Y,5,15,1,N,N
130,동김천,00,001,905,610100,0,2,054-706-2712,Y,2,4,0,N,N
131,경산,00,001,905,610200,0,2,054-706-2700,Y,4,7,0,N,N
132,영천,00,001,905,610200,0,2,054-706-2731,Y,4,11,0,N,N
133,건천,00,001,905,610200,0,2,054-706-2701,Y,1,3,0,N,N
135,경주,00,001,905,610200,0,2,054-706-2702,Y,5,15,0,N,N
137,통도사,00,001,906,710900,0,2,052-701-2893,Y,2,4,0,N,N
138,양산,00,001,906,710900,0,2,055-711-2822,Y,3,7,0,N,N
139,서울산,00,001,906,710900,0,2,052-701-2892,Y,3,6,0,N,N
140,부산,00,001,906,710900,0,2,051-793-2882,Y,12,19,0,N,N
226,금강휴게소,00,001,903,410500,0,3,043-756-2326,Y,0,0,0,N,N
229,북천안,00,001,903,410100,0,2,041-411-2428,Y,5,10,0,N,N
286,통도사휴게소,00,001,906,710900,0,1,052-701-2893,Y,2,2,0,N,N
301,서울(특),00,001,901,210300,0,0,02-237-0962/3,N,6,17,7,N,Y
303,수원(특),00,001,901,210300,0,0,0331-283-2185,N,2,4,2,N,Y
305,기흥(특),00,001,901,210300,0,0,0331-283-2269,N,1,2,1,N,Y
306,오산(특),00,001,901,210300,0,0,0339-374-2277,N,2,3,1,N,Y
307,안성(특),00,001,903,410100,0,0,0333-656-1129,N,2,4,0,N,Y
308,천안(특),00,001,903,410100,0,0,0417-61-0027,N,3,7,0,N,Y
310,목천(특),00,001,903,410100,0,0,0417-64-2093,N,1,2,0,N,Y
311,청주(특),00,001,903,410100,0,0,0431-60-2281,N,2,4,0,N,Y
312,남청주(특),00,001,903,410200,0,0,0431-60-6678,N,1,2,0,N,Y
313,신탄진(특),00,001,903,410200,0,0,042-932-2351,N,2,3,0,N,Y
315,대전(특),00,001,903,410200,0,0,042-623-0775,N,2,5,1,N,Y
316,옥천(특),00,001,903,410500,0,0,0475-33-2540,N,1,2,1,N,Y
317,금강(특),00,001,903,410500,0,0,0475-32-3292,N,1,1,0,N,Y
318,영동(특),00,001,903,410500,0,0,0414-42-9094,N,1,1,0,N,Y
320,황간(특),00,001,903,410500,0,0,0414-42-4106,N,1,1,0,N,Y
321,추풍령(특),00,001,905,610100,0,0,0547-30-0517,N,1,1,0,N,Y
322,김천(특),00,001,905,610100,0,0,0547-434-6742,N,1,2,1,N,Y
323,구미(특),00,001,905,610100,0,0,0546-461-1354,N,2,3,0,N,Y
325,남구미(특),00,001,905,610100,0,0,0546-464-1354,N,1,2,1,N,Y
326,왜관(특),00,001,905,610100,0,2,0545-973-2205,N,2,3,0,N,Y
327,서대구(특),00,001,905,610400,0,0,053-552-7924,N,3,6,0,N,Y
329,북대구(특),00,001,905,610200,0,0,053-251-6114,N,2,5,1,N,Y
330,동김천(특),00,001,905,610100,0,0,054-432-8801,N,3,4,0,N,Y
331,경산(특),00,001,905,610200,0,0,0541-52-9152,N,3,3,0,N,Y
332,영천(특),00,001,905,610200,0,0,0563-35-8752,N,1,2,0,N,Y
333,건천(특),00,001,905,610200,0,0,0561-751-3715,N,1,2,0,N,Y
335,경주(특),00,001,905,610200,0,0,0561-749-3742,N,3,6,1,N,Y
337,통도사(특),00,001,906,710900,0,0,051-809-5301,N,1,2,1,N,Y
338,양산(특),00,001,906,710900,0,0,051-809-5301,N,1,3,1,N,Y
339,서울산(특),00,001,906,710900,0,0,0522-62-0209,N,3,6,2,N,Y
340,부산(특),00,001,906,710900,0,0,051-809-5301,N,3,6,3,N,Y
429,북천안(특),00,001,903,410100,0,0,041-562-2504,N,1,2,0,N,Y
486,통도사하이(특),00,001,906,710900,0,0,051-809-5301,N,1,3,1,N,Y
518,칠곡물류,00,001,905,610100,0,2,054-706-2742,Y,2,5,0,N,N
528,기흥동탄,00,001,901,210300,0,2,031-327-2127,Y,6,10,0,N,N
529,노포,00,001,906,710900,0,2,051-793-2883,Y,4,5,0,N,N
637,양산(경),00,001,906,710500,0,0,051-809-5301,Y,1,3,1,N,Y
638,노포(경),00,001,906,710500,0,0,,Y,0,0,0,N,Y
639,부산(경),00,001,906,710500,0,0,051-809-5301,Y,3,6,3,N,Y
718,칠곡물류(특),00,001,905,610100,0,0,0545-973-2205,N,2,3,0,N,Y
722,활천,00,001,906,710900,0,2,052-701-2890,Y,3,3,0,N,N
723,북구미,00,001,905,610100,0,1,054-706-2708,Y,3,6,0,N,N
728,기흥이설(특),00,001,901,210300,0,0,0331-283-2269,N,1,2,1,N,Y
733,옥산,00,001,903,410100,0,1,043-756-2323,Y,2,5,0,N,N
742,남사진위,00,001,901,210300,0,2,031-327-2152,Y,6,10,0,N,N
796,동김천(테스트),00,001,905,610100,0,2,,Y,2,4,0,N,N
922,활천(특),00,001,906,710900,0,2,,N,0,0,0,N,Y
933,옥산(특),00,001,903,410100, , ,,N,0,0,0,N,Y
995,연계공통,00,001,   ,      ,0,0,,Y,0,0,0,N,Y
996,연계할인,00,001,   ,      ,0, ,,Y,0,0,0,N,Y
013,순천만,00,010,904,520100,1,2,061-882-2626,Y,1,1,0,N,N
092,내서,00,010,906,710200,1,2,055-711-2831,Y,2,10,0,N,N
142,군북,00,010,906,710400,0,2,055-711-2841,Y,3,10,0,N,N
143,장지,00,010,906,710400,0,2,055-711-2840,Y,1,10,0,N,N
144,함안,00,010,906,710400,0,2,055-711-2839,Y,3,10,0,N,N
146,동창원,00,010,906,710300,0,2,055-711-2834,Y,4,10,0,N,N
147,진례,00,010,906,710300,0,2,055-711-2812,Y,3,10,0,N,N
148,서김해,00,010,906,710500,0,2,055-711-2806,Y,4,10,0,N,N
149,동김해,00,010,906,710500,0,2,055-711-2808,Y,5,10,0,N,N
150,북부산,00,010,906,710500,0,2,051-793-2881,Y,7,16,2,N,N
270,서순천,00,010,904,510300,0,2,061-882-2623,Y,2,3,0,N,N
271,순천,00,010,904,510300,0,2,061-882-2624,Y,3,7,0,N,N
272,광양,00,010,904,510300,0,2,061-882-2606,Y,3,7,0,N,N
273,동광양,00,010,904,510300,0,2,061-882-2608,Y,3,6,0,N,N
275,옥곡,00,010,904,510300,0,2,061-882-2607,Y,2,3,0,N,N
276,진월,00,010,904,510300,0,2,061-882-2609,Y,2,3,0,N,N
277,하동,00,010,906,710400,0,2,055-711-2837,Y,2,4,0,N,N
278,진교,00,010,906,710400,0,2,055-711-2838,Y,2,4,0,N,N
279,곤양,00,010,906,710400,0,2,055-711-2814,Y,2,3,0,N,N
290,축동,00,010,906,710400,0,2,055-711-2816,Y,1,2,0,N,N
291,사천,00,010,906,710400,0,2,055-711-2815,Y,3,5,0,N,N
292,진주,00,010,906,710400,0,2,055-711-2823,Y,3,6,0,N,N
293,문산,00,010,906,710400,0,2,055-711-2824,Y,2,3,0,N,N
294,북창원,00,010,906,710300,0,2,055-711-2833,Y,2,10,0,N,N
295,진성,00,010,906,710400,0,2,055-711-2827,Y,2,3,0,N,N
296,지수,00,010,906,710400,0,2,055-711-2826,Y,1,2,0,N,N
342,군북(특),00,010,906,710400,0,0,,N,0,0,0,N,Y
343,장지(특),00,010,906,710400,0,0,,N,0,0,0,N,Y
344,함안(특),00,010,906,710400,0,0,,N,0,0,0,N,Y
346,동창원(특),00,010,906,710300,0,0,,N,0,0,0,N,Y
347,진례(특),00,010,906,710300,0,0,,N,0,0,0,N,Y
348,서김해(특),00,010,906,710500,0,0,,N,0,0,0,N,Y
349,동김해(특),00,010,906,710500,0,0,,N,0,0,0,N,Y
350,북부산(특),00,010,906,710500,0,0,,Y,0,0,0,N,Y
470,서순천(특),00,010,904,510300,0,0,0661-52-7474,N,2,4,0,N,Y
471,순천(특),00,010,904,510300,0,0,0661-52-7474,N,2,4,0,N,Y
472,광양(특),00,010,904,510300,0,0,0661-52-7474,N,2,4,0,N,Y
473,동광양(특),00,010,904,510300,0,0,0661-52-7474,N,2,4,0,N,Y
475,옥곡(특),00,010,904,510300,0,0,0661-52-7474,N,2,4,0,N,Y
476,진월(특),00,010,904,510300,0,0,0661-52-7474,N,2,4,0,N,Y
477,하동(특),00,010,906,710400,0,0,0661-52-7474,N,2,4,0,N,Y
478,진교(특),00,010,906,710400,0,0,0661-52-7474,N,2,4,0,N,Y
479,곤양(특),00,010,906,710400,0,0,0661-52-7474,N,2,4,0,N,Y
490,축동(특),00,010,906,710400,0,0,0661-52-7474,N,2,4,0,N,Y
491,사천(특),00,010,906,710400,0,0,0661-52-7474,N,2,4,0,N,Y
492,진주(특),00,010,906,710400,0,0,0661-52-7474,N,2,4,0,N,Y
493,문산(특),00,010,906,710400,0,0,0661-52-7474,N,2,4,0,N,Y
494,북창원(특),00,010,906,710300,0,0,,N,0,0,0,N,Y
495,진성(특),00,010,906,710400,0,0,0661-52-7474,N,2,4,0,N,Y
496,지수(특),00,010,906,710400,0,0,0661-52-7474,N,2,4,0,N,Y
970,동창원(경),00,010,906,710300,0,2,055-252-2320,Y,4,10,0,N,Y
971,진례(경),00,010,906,710300,0,2,055-345-6810,Y,3,10,0,N,Y
972,서김해(경),00,010,906,710500,0,2,055-329-4980,Y,4,10,0,N,Y
973,동김해(경),00,010,906,710500,0,2,055-337-2504,Y,5,10,0,N,Y
974,북부산(경),00,010,906,710500,0,2,051- 971-0252,Y,7,16,2,N,Y
981,서영암,00,010,904,520100,0,2,061-882-2630,Y,3,3,0,N,N
982,강진무위사,00,010,904,520100,0,2,061-882-2600,Y,3,3,0,N,N
983,장흥,00,010,904,520100,0,2,061-882-2635,Y,3,3,0,N,N
984,보성,00,010,904,520100,0,2,061-882-2620,Y,3,3,0,N,N
985,벌교,00,010,904,520100,0,2,061-882-2621,Y,3,7,0,N,N
986,고흥,00,010,904,520100,0,2,061-882-2601,Y,3,3,0,N,N
987,남순천,00,010,904,520100,0,2,061-882-2622,Y,3,7,0,N,N
012,서영암(개),00,012,904,520100,1,2,061-882-2630,Y,1,1,0,N,N
073,남원(개),00,012,904,510400,1,0,,N,0,0,0,N,N
224,함양,00,012,905,610300,0,2,055-711-2847,Y,1,2,1,N,N
241,동고령,00,012,905,610300,0,2,054-706-2705,Y,4,7,0,N,N
242,고령,00,012,905,610300,0,2,054-706-2706,Y,2,3,0,N,N
243,해인사,00,012,905,610300,0,2,055-711-2848,Y,1,10,0,N,N
247,남원,00,012,904,510400,0,2,063-712-2512,Y,2,10,0,N,N
248,순창,00,012,904,510400,0,2,063-712-2517,Y,2,4,0,N,N
249,담양,00,012,904,510200,0,2,061-882-2614,Y,3,4,0,N,N
264,동남원,00,012,904,510400,0,2,063-712-2509,Y,1,10,0,N,N
269,지리산,00,012,904,510400,0,2,063-712-2511,Y,1,10,0,N,N
274,가조,00,012,905,610300,0,2,055-711-2801,Y,3,10,2,N,N
280,거창,00,012,905,610300,0,2,055-711-2802,Y,3,10,0,N,N
424,함양(특),00,012,905,610300,0,0,,N,0,0,0,N,Y
441,동고령(특),00,012,905,610300,0,0,053-251-6114,N,1,2,0,N,Y
442,고령(특),00,012,905,610300,0,0,053-251-6114,N,1,2,0,N,Y
443,해인사(특),00,012,905,610300,0,0,0543-954-2701,N,2,3,0,N,Y
448,순창(특),00,012,904,510400,0,0,0674-52-0721,N,2,4,0,N,Y
449,담양(특),00,012,904,510200,0,0,0684-83-6211,N,2,4,0,N,Y
464,남장수(특),00,012,904,510400,0,0,,N,0,0,0,N,Y
469,지리산(특),00,012,904,510400,0,0,,N,0,0,0,N,Y
474,가조(특),00,012,905,610300,0,0,,N,0,0,0,N,Y
480,거창(특),00,012,905,610300,0,0,,N,0,0,0,N,Y
724,서함양,00,012,904,510400,0,1,063-712-2512,Y,2,2,0,N,N
567,남고창,00,014,904,510700,0,2,063-712-2500,Y,2,2,0,N,N
568,장성물류,00,014,904,510700,0,2,061-882-2633,Y,3,3,0,N,N
569,북광주,00,014,904,510700,0,2,061-882-2613,Y,5,9,0,N,N
056,일로,00,015,904,510500,1,2,061-882-2617,Y,1,1,0,N,N
059,북군산(개),00,015,927,810200,1,0,063-453-8804,N,2,0,0,N,N
227,군산,00,015,927,810500,0,2,063-712-2504,Y,2,10,0,N,N
228,동군산,00,015,927,810200,0,2,063-712-2503,Y,2,5,0,N,N
234,서천,00,015,927,810500,0,2,041-411-2421,Y,2,10,0,N,N
253,서서울,00,015,901,210800,0,2,031-327-2103,Y,12,30,5,N,N
257,홍성,00,015,903,410700,0,2,041- 411-2430,Y,3,10,0,N,N
258,광천,00,015,927,810500,0,2,041-411-2412,Y,2,10,0,N,N
259,대천,00,015,927,810500,0,2,041-411-2413,Y,3,10,0,N,N
260,춘장대,00,015,927,810500,0,2,041-411-2420,Y,1,10,0,N,N
281,매송,00,015,901,210700,0,2,031-327-2114,Y,3,9,0,N,N
282,비봉,00,015,901,210700,0,2,031-327-2115,Y,3,5,0,N,N
283,발안,00,015,901,210700,0,2,031-327-2116,Y,3,5,0,N,N
285,서평택,00,015,901,210700,0,2,031-327-2117,Y,4,8,0,N,N
287,송악,00,015,903,410700,0,2,041-411-2410,Y,3,6,0,N,N
288,당진,00,015,903,410700,0,2,041-411-2409,Y,4,8,0,N,N
298,서산,00,015,903,410700,0,2,041-411-2417,Y,2,10,0,N,N
299,해미,00,015,903,410700,0,2,041-411-2419,Y,2,10,0,N,N
427,군산(특),00,015,927,810500,0,0,,N,0,0,0,N,Y
428,동군산(특),00,015,927,810200,0,0,,N,0,0,0,N,Y
434,서천(특),00,015,927,810500,0,0,,N,0,0,0,N,Y
453,서서울(특),00,015,901,210800,0,0,0334-73-6583,N,2,4,0,N,Y
457,홍성(특),00,015,903,410700,0,0,,N,0,0,0,N,Y
458,광천(특),00,015,927,810500,0,0,,N,0,0,0,N,Y
459,대천(특),00,015,927,810500,0,0,,N,0,0,0,N,Y
460,춘장대(특),00,015,927,810500,0,0,,N,0,0,0,N,Y
481,매송(특),00,015,901,210700,0,0,0345-83-9661,N,4,9,0,N,Y
482,비봉(특),00,015,901,210700,0,0,0345-83-9661,N,2,3,0,N,Y
483,발안(특),00,015,901,210700,0,0,0345-83-9661,N,2,3,0,N,Y
485,서평택(특),00,015,901,210700,0,0,0345-83-9661,N,2,4,0,N,Y
487,송악(특),00,015,903,410700,0,0,0345-83-9661,N,2,4,0,N,Y
488,당진(특),00,015,903,410700,0,0,0345-8309661,N,2,4,0,N,Y
498,서산(특),00,015,903,410700,0,0,,N,0,0,0,N,Y
499,해미(특),00,015,903,410700,0,0,,N,0,0,0,N,Y
501,서김제,00,015,927,810200,0,2,063-712-2507,Y,1,10,0,N,N
502,부안,00,015,927,810200,0,2,063-712-2515,Y,1,10,0,N,N
503,줄포,00,015,927,810200,0,2,063-712-2516,Y,1,10,0,N,N
504,선운산,00,015,927,810200,0,2,063-712-2502,Y,1,10,0,N,N
505,고창,00,015,927,810200,0,2,063-712-2501,Y,1,10,0,N,N
506,영광,00,015,904,510500,0,2,061-882-2629,Y,1,10,0,N,N
507,함평,00,015,904,510500,0,2,061-882-2637,Y,1,10,0,N,N
508,무안,00,015,904,510500,0,2,061-882-2616,Y,2,10,0,N,N
509,목포,00,015,904,510500,0,2,061-882-2618,Y,3,10,0,N,N
511,무창포,00,015,927,810500,0,2,041-411-2411,Y,1,10,0,N,N
709,목포(특),00,015,904,510500,0,0,,N,0,0,0,N,Y
711,불갑산,00,015,904,510500,0,1,,Y,3,6,0,N,N
732,행담도,00,015,903,410700,0,3,041-411-2410,Y,2,5,0,N,N
932,행담도(특),00,015,903,410700,0,0,0345-83-9661,N,2,4,0,N,Y
141,울산(구),00,016,906,710100,0,2,052-254-8800,N,7,14,0,N,N
341,울산(특),00,016,906,710100,0,0,0522-64-1650,N,3,5,0,N,Y
641,울산,08,016,915,900800,0,2,052-254-8800,Y,7,12,0,Y,N
045,흥도,47,017,957,904700,1,0,070-8031-8545,Y,0,3,2,N,N
046,흥도IC,47,017,957,904700,1,0,070-8031-8545,Y,4,4,4,N,N
676,향남,11,017,919,901100,0,2,070-8031-4228,Y,0,0,0,N,N
677,북평택,11,017,919,901100,0,2,070-8031-4229,Y,0,0,0,N,N
820,고양본선,47,017,957,904700,0,0,070-8031-8524,Y,0,0,0,N,N
821,고양지선,47,017,957,904700,0,0,070-8031-8524,Y,0,0,0,N,N
822,고양JCT남,47,017,957,904700,0,0,070-8031-8537,Y,0,0,0,N,N
823,고양JCT북,47,017,957,904700,0,0,070-8031-8541,Y,0,0,0,N,N
824,사리현,47,017,957,904700,0,0,070-8031-8533,Y,0,0,0,N,N
825,북고양설문,47,017,957,904700,0,0,070-8031-8518,Y,0,0,0,N,N
826,금촌,47,017,957,904700,0,0,070-8031-8550,Y,0,0,0,N,N
827,월롱,47,017,957,904700,0,0,070-8031-8554,Y,0,0,0,N,N
828,산단,47,017,957,904700,0,0,,Y,0,0,0,N,N
829,문산본선,47,017,957,904700,0,0,070-8031-8558,Y,0,0,0,N,N
876,양감,11,017,919,901100,0,2,,Y,0,0,0,N,N
877,북평택(특),11,017,919,901100,0,2,,N,0,0,0,N,Y
169,장수,00,020,927,810700,0,2,063-712-2526,Y,2,10,0,N,N
230,팔공산,00,020,905,610700,0,2,053-717-2794,Y,5,10,0,N,N
369,장수(특),00,020,927,810700,0,0,,N,0,0,0,N,Y
430,팔공산(특),00,020,905,610700,0,0,,N,0,0,0,N,Y
524,청통와촌,00,020,905,610700,0,2,054-706-2732,Y,1,10,0,N,N
525,북영천,00,020,905,610700,0,2,054-706-2730,Y,2,10,0,N,N
526,서포항,00,020,905,610700,0,2,054-706-2745,Y,2,10,0,N,N
527,포항,00,020,905,610700,0,2,054-706-2743,Y,4,10,0,N,N
546,진안,00,020,927,810700,0,2,063-712-2532,Y,3,3,0,N,N
725,임고,00,020,905,610700,0,1,054-706-2730,Y,2,10,0,N,N
726,서포항(특),00,020,905,610700,0,0,,N,0,0,0,N,Y
727,포항(특),00,020,905,610700,0,0,,N,0,0,0,N,Y
744,완주(특),00,020,927,810400,0,0,,N,0,0,0,N,Y
745,소양(특),00,020,927,810700,0,0,,N,0,0,0,N,Y
155,논산,00,025,927,810400,0,2,041-411-2407,Y,2,5,0,N,N
156,익산,00,025,927,810400,0,2,063-712-2518,Y,3,5,0,N,N
157,삼례,00,025,927,810100,0,2,063-712-2523,Y,1,2,0,N,N
158,전주,00,025,927,810100,0,2,063-712-2527,Y,3,7,0,N,N
159,서전주,00,025,927,810100,0,2,063-712-2522,Y,2,2,0,N,N
160,김제,00,025,927,810100,0,2,063-712-2505,Y,2,2,0,N,N
161,금산사,00,025,927,810100,0,2,063-712-2506,Y,1,2,0,N,N
162,태인,00,025,927,810100,0,2,063-712-2531,Y,1,2,0,N,N
163,정읍,00,025,927,810100,0,2,063-712-2529,Y,2,5,0,N,N
165,백양사,00,025,904,510200,0,2,061-882-2632,Y,2,4,0,N,N
166,장성,00,025,904,510200,0,2,061-882-2634,Y,2,3,0,N,N
167,광주,00,025,904,510200,0,2,061-882-2631,Y,4,14,0,N,N
261,동광주,00,025,904,510200,0,2,062-719-2692,Y,8,15,0,N,N
262,창평,00,025,904,510200,0,2,061-882-2615,Y,1,3,0,N,N
263,옥과,00,025,904,510700,0,2,061-882-2604,Y,2,2,0,N,N
265,곡성,00,025,904,510700,0,2,061-882-2602,Y,1,2,0,N,N
266,석곡,00,025,904,510300,0,2,061-882-2603,Y,1,2,0,N,N
267,주암송광사,00,025,904,510300,0,2,061-882-2627,Y,2,3,0,N,N
268,승주,00,025,904,510300,0,2,061-882-2625,Y,1,2,0,N,N
355,논산(특),00,025,927,810400,0,0,0461-742-2788,N,1,2,1,N,Y
356,익산(특),00,025,927,810400,0,0,0652-73-6445,N,2,3,0,N,Y
357,삼례(특),00,025,927,810100,0,0,0652-291-2626,N,1,1,0,N,Y
358,전주(특),00,025,927,810100,0,0,0652-212-9772,N,2,4,0,N,Y
359,서전주(특),00,025,927,810100,0,0,0652-291-2626,N,1,1,0,N,Y
360,김제(특),00,025,927,810100,0,0,0658-546-3782,N,1,1,0,N,Y
361,금산사(특),00,025,927,810100,0,0,0658-43-4425,N,1,1,0,N,Y
362,태인(특),00,025,927,810100,0,0,0681-34-4276,N,1,1,0,N,Y
363,정읍(특),00,025,927,810100,0,0,0681-32-1125,N,2,3,0,N,Y
365,백양사(특),00,025,904,510200,0,0,0685-92-9194,N,1,1,0,N,Y
366,장성(특),00,025,904,510200,0,0,0685-92-5851,N,1,2,0,N,Y
367,광주(특),00,025,904,510200,0,0,062-522-0084,N,3,7,0,N,Y
461,동광주(특),00,025,904,510200,0,0,062-228-4611,N,4,6,0,N,Y
462,창평(특),00,025,904,510200,0,0,062-228-4611,N,1,2,0,N,Y
463,옥과(특),00,025,904,510700,0,0,062-228-4611,N,1,2,0,N,Y
465,곡성(특),00,025,904,510700,0,0,062-228-4611,N,1,2,0,N,Y
466,석곡(특),00,025,904,510300,0,0,0661-52-7474,N,1,2,0,N,Y
467,송광사(특),00,025,904,510300,0,0,0661-52-7474,N,1,2,0,N,Y
468,승주(특),00,025,904,510300,0,0,0661-52-7474,N,1,2,0,N,Y
530,내장산,00,025,927,810100,0,2,063- 712-2530,Y,1,10,0,N,N
601,남천안,01,025,907,900100,0,2,041-850-6764,Y,4,6,0,Y,N
602,풍세상,01,025,907,900100,0,2,041-850-6768,Y,1,4,2,Y,N
603,정안,01,025,907,900100,0,2,041-850-6787,Y,0,0,0,N,N
604,남공주,01,025,907,900100,0,2,041-850-6806,Y,0,0,0,N,N
605,탄천,01,025,907,900100,0,2,041-850-6809,Y,0,0,0,N,N
606,서논산,01,025,907,900100,0,2,041-850--6828,Y,0,0,0,N,N
607,연무,01,025,907,900100,0,2,041-850-6860,Y,0,0,0,N,N
608,남논산하,01,025,907,900100,0,2,041-850-6870,Y,0,0,0,Y,N
609,풍세상2,01,025,907,900100,0,0,041- 850-6767,Y,0,0,0,Y,Y
612,풍세하,01,025,907,900100,0,2,041-850-6769,Y,0,0,0,Y,N
613,남풍세,01,025,907,900100,0,2,041-850-6794,Y,0,0,0,N,N
618,남논산상,01,025,907,900100,0,2,041-850-6870,Y,0,0,0,Y,N
619,풍세하2,01,025,907,900100,0,0,041- 850-6767,Y,0,0,0,Y,Y
809,풍세상2(특),01,025,907,900100,0,0,,N,0,0,0,N,Y
813,남풍세(특),01,025,907,900100,0,0,,N,0,0,0,N,Y
004,중랑,44,029,954,904400,1,2,070-4220-6490,Y,0,0,0,N,N
860,북중랑,44,029,954,904400,0,2,,Y,0,0,0,N,N
861,갈매동구릉,44,029,954,904400,0,2,070-4220-6490,Y,0,0,0,N,N
862,남별내,44,029,954,904400,0,2,070-4173-7383,Y,0,0,0,N,N
863,동의정부,44,029,954,904400,0,2,070-4220-6524,Y,0,0,0,N,N
864,민락,44,029,954,904400,0,2,070-4220-6549,Y,0,0,0,N,N
865,소흘,44,029,954,904400,0,2,070-4220-6530,Y,0,0,0,N,N
866,선단,44,029,954,904400,0,2,070-4220-6569,Y,0,0,0,N,N
867,포천,44,029,954,904400,0,2,070-4220-6573,Y,0,0,0,N,N
869,신북,44,029,954,904400,0,2,070-4220-6583,Y,0,0,0,N,N
870,옥정,44,029,954,904400,0,2,070-4220-6590,Y,0,0,0,N,N
879,양주,44,029,954,904400,0,2,070-4220-6590,Y,0,0,0,N,N
531,문의청남대,00,030,958,411000,0,2,043-756-2319,Y,3,4,0,N,N
532,회인,00,030,958,411000,0,2,043-756-2320,Y,5,9,0,N,N
533,보은,00,030,958,411000,0,2,043-756-2321,Y,3,4,0,N,N
534,속리산,00,030,958,411000,0,2,043-756-2322,Y,2,3,0,N,N
535,화서,00,030,958,411000,0,2,054-706-2721,Y,2,3,0,N,N
536,남상주,00,030,958,411000,0,2,054-706-2716,Y,3,4,0,N,N
571,면천,00,030,903,410700,0,2,041-411-2408,Y,2,3,0,N,N
572,고덕,00,030,903,410700,0,2,041-411-2423,Y,2,3,0,N,N
573,예산수덕사,00,030,903,411100,0,2,041-411-2425,Y,3,4,0,N,N
574,신양,00,030,903,411100,0,2,041-411-2424,Y,2,3,0,N,N
575,유구,00,030,903,411100,0,2,041-411-2404,Y,2,3,0,N,N
576,마곡사,00,030,903,411100,0,2,041-411-2401,Y,2,3,0,N,N
577,공주,00,030,903,411100,0,2,041-411-2402,Y,3,5,0,N,N
578,서세종,00,030,903,411100,0,2,044-410-2480,Y,2,3,0,N,N
579,남세종,00,030,903,411100,0,2,044-410-2481,Y,3,5,0,N,N
712,동상주,00,030,905,610900,0,2,054-706-2718,Y,3,3,0,N,N
713,서의성,00,030,905,610900,0,2,054-706-2734,Y,3,3,0,N,N
714,북의성,00,030,905,610900,0,2,054-706-2735,Y,3,3,0,N,N
715,동안동,00,030,905,610900,0,2,054-706-2724,Y,3,3,0,N,N
716,청송,00,030,905,610900,0,2,054-706-2738,Y,3,3,0,N,N
748,동청송영양,00,030,905,610900,0,2,054-706-2737,Y,3,3,0,N,N
749,영덕,00,030,905,610900,0,2,054-706-2727,Y,3,5,0,N,N
767,구병산,00,030,958,411000,0,1,043-756-2322,Y,1,1,0,N,N
912,동상주(특),00,030,905,610900, , ,,N,0,0,0,N,Y
913,서의성(특),00,030,905,610900, , ,,N,0,0,0,N,Y
914,북의성(특),00,030,905,610900, , ,,N,0,0,0,N,Y
915,동안동(특),00,030,905,610900, , ,,N,0,0,0,N,Y
916,청송(특),00,030,905,610900, , ,,N,0,0,0,N,Y
948,동청송(특),00,030,905,610900, , ,,N,0,0,0,N,Y
949,영덕(특),00,030,905,610900, , ,,N,0,0,0,N,Y
840,서오창동JC,46,032,956,904600,0,2,,Y,0,0,0,N,N
850,서오창서JC,46,032,956,904600,0,2,,Y,0,0,0,N,N
851,서오창,46,032,956,904600,0,2,043-241-9168,Y,0,0,0,N,N
066,하남,00,035,901,210400,1,2,031-327-2131,Y,4,4,0,N,N
104,지곡,00,035,906,710600,0,2,055-711-2846,Y,2,10,0,N,N
114,남대전,00,035,927,810300,0,2,042-714-2492,Y,2,3,0,N,N
119,판암,00,035,903,410500,0,2,042-714-2493,Y,2,4,0,N,N
164,무주,00,035,927,810300,0,2,063-712-2513,Y,3,6,0,N,N
168,덕유산,00,035,927,810300,0,2,063-712-2514,Y,1,10,0,N,N
170,서상,00,035,906,710600,0,2,055-711-2845,Y,1,10,0,N,N
190,동서울,00,035,901,210400,0,2,031-327-2132,Y,12,30,0,N,N
191,경기광주,00,035,901,210400,0,2,031-327-2133,Y,3,5,0,N,N
192,곤지암,00,035,901,210400,0,2,031-327-2134,Y,3,7,0,N,N
193,일죽,00,035,958,410400,0,2,031-327-2150,Y,2,4,0,N,N
194,서이천,00,035,901,210400,0,2,031-327-2135,Y,2,10,0,N,N
195,대소,00,035,958,410400,0,2,043-756-2314,Y,2,5,0,N,N
196,진천,00,035,958,410400,0,2,043-756-2315,Y,2,4,0,N,N
197,증평,00,035,958,410400,0,2,043-756-2316,Y,2,4,0,N,N
198,서청주,00,035,958,410400,0,2,043-756-2318,Y,3,5,0,N,N
199,오창,00,035,958,410400,0,2,043-756-2317,Y,2,4,0,N,N
200,금산,00,035,927,810300,0,2,041-411-2405,Y,2,5,0,N,N
204,추부,00,035,927,810300,0,2,041-411-2406,Y,2,4,0,N,N
221,생초,00,035,906,710600,0,2,055-711-2819,Y,1,2,0,N,N
222,산청,00,035,906,710600,0,2,055-711-2817,Y,1,2,0,N,N
223,단성,00,035,906,710600,0,2,055-711-2818,Y,2,3,0,N,N
225,서진주,00,035,906,710600,0,2,055-711-2825,Y,3,5,0,N,N
304,지곡(특),00,035,906,710600,0,0,,N,0,0,0,N,Y
314,남대전(특),00,035,927,810300,0,0,0345-83-9661,N,4,4,0,N,Y
319,판암(특),00,035,903,410500,0,0,,N,1,1,0,N,Y
364,무주(특),00,035,927,810300,0,0,0345-83-9661,N,4,4,0,N,Y
368,덕유산(특),00,035,927,810300,0,0,,N,0,0,0,N,Y
370,서상(특),00,035,906,710600,0,0,,N,0,0,0,N,Y
390,동서울(특),00,035,901,210400,0,0,02-742-5036,N,4,10,4,N,Y
391,경기광주(특),00,035,901,210400,0,0,0347-62-2818,N,2,4,0,N,Y
392,곤지암(특),00,035,901,210400,0,0,0347-62-8193,N,2,4,0,N,Y
393,일죽(특),00,035,958,410400,0,0,0334-73-6583,N,1,2,0,N,Y
394,서이천(특),00,035,901,210400,0,0,,N,0,0,0,N,Y
395,대소(특),00,035,958,410400,0,0,0446-78-8338,N,2,3,0,N,Y
396,진천(특),00,035,958,410400,0,0,0434-33-0444,N,1,2,0,N,Y
397,증평(특),00,035,958,410400,0,0,0431-50-3746,N,1,2,0,N,Y
398,서청주(특),00,035,958,410400,0,0,0431-65-2719,N,2,3,0,N,Y
399,오창(특),00,035,958,410400,0,0,,N,0,0,0,N,Y
400,금산(특),00,035,927,810300,0,0,0345-83-9661,N,4,4,0,N,Y
404,추부(특),00,035,927,810300,0,0,0345-83-9661,N,4,4,0,N,Y
421,생초(특),00,035,906,710600,0,0,0345-83-9661,N,4,3,0,N,Y
422,산청(특),00,035,906,710600,0,0,0345-83-9661,N,4,3,0,N,Y
423,단성(특),00,035,906,710600,0,0,0345-83-9661,N,4,4,0,N,Y
425,서진주(특),00,035,906,710600,0,0,0345-83-9661,N,4,4,0,N,Y
426,내동(특),00,035,906,      ,0,0,0345-83-9661,N,4,6,0,N,Y
512,연화산,00,035,906,710700,0,2,055-711-2805,Y,1,2,0,N,N
513,고성,00,035,906,710700,0,2,055-711-2804,Y,2,4,0,N,N
514,동고성,00,035,906,710700,0,2,055-711-2803,Y,1,2,0,N,N
515,북통영,00,035,906,710700,0,2,055-711-2835,Y,2,2,0,N,N
516,통영,00,035,906,710700,0,2,055-711-2836,Y,3,5,0,N,N
705,남이천,00,035,958,410400,0,2,031-327-2149,Y,3,3,0,N,N
729,신둔,00,035,901,210400,0,1,031-327-2135,Y,1,1,0,N,N
736,삼성,00,035,958,410400,0,1,043-756-2314,Y,2,5,0,N,N
905,남이천(특),00,035,958,410400,0,0,,N,0,0,0,N,Y
908,동경주(특),00,035,906,710800,0,0,,N,0,0,0,N,Y
936,삼성(특),00,035,958,410400, , ,,N,0,0,0,N,Y
128,금왕꽃동네,00,040,958,310800,0,2,043-756-2308,Y,2,3,0,N,N
136,음성,00,040,958,310800,0,2,043-756-2306,Y,2,3,0,N,N
188,서충주,00,040,958,310800,0,2,043-756-2307,Y,2,3,0,N,N
297,동충주,00,040,958,310800,0,2,043-756-2309,Y,2,3,0,N,N
328,금왕꽃동네(특),00,040,958,310800,0,0,0522-62-0209,N,1,1,1,N,Y
336,음성(특),00,040,958,310800,0,0,0522-62-0209,N,1,1,1,N,Y
388,서충주(특),00,040,958,310800,0,0,,N,0,0,0,N,Y
497,동충주(특),00,040,958,310800,0,0,034-846-1005,N,1,4,0,N,Y
540,청북,00,040,901,210700,0,2,031-327-2118,Y,2,10,0,N,N
541,송탄,00,040,901,210700,0,2,031-327-2119,Y,2,10,0,N,N
542,서안성,00,040,901,210700,0,2,031-327-2120,Y,2,10,0,N,N
543,남안성,00,040,901,210700,0,2,031-327-2121,Y,3,11,0,N,N
555,북진천,00,040,958,310800,0,2,043-756-2305,Y,3,3,0,N,N
740,청북(특),00,040,901,210700,0,0,,N,0,0,0,N,Y
741,평택고덕,00,040,901,210700,0,2,031-327-2123,Y,4,8,0,N,N
743,남안성(특),00,040,901,210700,0,0,,N,0,0,0,N,Y
520,평택,00,041,901,210700,0,2,031-327-2122,Y,3,4,0,N,N
124,상주,00,045,958,610600,0,2,054-706-2719,Y,2,10,0,N,N
134,선산,00,045,905,610800,0,2,054-706-2709,Y,1,10,0,N,N
233,현풍,00,045,906,710200,0,2,053-717-2792,Y,2,3,0,N,N
235,창녕,00,045,906,710200,0,2,055-711-2830,Y,2,3,0,N,N
236,영산,00,045,906,710200,0,2,055-711-2829,Y,2,3,0,N,N
237,남지,00,045,906,710200,0,2,055-711-2828,Y,2,3,0,N,N
238,칠서,00,045,906,710200,0,2,055-711-2843,Y,2,3,0,N,N
239,칠원,00,045,906,710200,0,2,055-711-2844,Y,4,6,0,N,N
324,상주(특),00,045,958,610600,0,0,,N,0,0,0,N,Y
334,선산(특),00,045,905,610800,0,0,,N,0,0,0,N,Y
433,현풍(특),00,045,906,710200,0,0,053-251-6114,N,2,3,0,N,Y
435,창녕(특),00,045,906,710200,0,0,0551-82-9851/4,N,1,2,0,N,Y
436,영산(특),00,045,906,710200,0,0,0551-82-9851/4,N,2,3,0,N,Y
437,남지(특),00,045,906,710200,0,0,0551-82-9851/4,N,1,2,0,N,Y
438,칠서(특),00,045,906,710200,0,0,0551-82-9851/4,N,2,5,0,N,Y
439,칠원(특),00,045,906,710200,0,0,0551-82-9851/4,N,4,8,0,N,Y
500,남여주,00,045,902,210600,0,2,031-327-2144,Y,2,3,0,N,N
517,양평,00,045,902,210600,0,2,031-327-2147,Y,2,10,0,N,N
537,남김천,00,045,905,610800,0,2,054-706-2713,Y,3,3,0,N,N
538,성주,00,045,905,610800,0,2,054-706-2722,Y,2,3,0,N,N
539,남성주,00,045,905,610800,0,2,054-706-2723,Y,2,3,0,N,N
560,감곡,00,045,958,310600,0,2,043-756-2300,Y,2,10,0,N,N
561,북충주,00,045,958,310600,0,2,043-756-2301,Y,2,10,0,N,N
562,충주,00,045,958,310600,0,2,043-756-2302,Y,3,5,0,N,N
563,괴산,00,045,958,310600,0,2,043-756-2303,Y,1,10,0,N,N
564,연풍,00,045,958,310600,0,2,043-756-2304,Y,1,10,0,N,N
565,문경새재,00,045,958,610600,0,2,054-706-2715,Y,3,10,0,N,N
566,점촌함창,00,045,958,610600,0,2,054-706-2720,Y,2,10,0,N,N
570,북상주,00,045,958,610600,0,2,054-706-2717,Y,2,11,0,N,N
597,서여주,00,045,902,210600,0,2,031-327-2145,Y,2,10,0,N,N
598,북여주,00,045,902,210600,0,2,031-327-2146,Y,2,10,0,N,N
700,남여주(특),00,045,902,210600,0,2,031-883-8262,N,2,10,0,N,Y
717,양평(특),00,045,902,210600,0,0,,N,0,0,0,N,Y
735,남양평,00,045,902,210600,0,1,031-327-2147,Y,2,10,0,N,N
737,남김천(특),00,045,905,610800,0,0,,N,0,0,0,N,Y
738,성주(특),00,045,905,610800,0,0,,N,0,0,0,N,Y
739,남성주(특),00,045,905,610800,0,0,,N,0,0,0,N,Y
762,중앙탑,00,045,958,310600,0,1,043-756-2301,Y,2,2,0,N,N
763,괴산(특),00,045,958,310600,0,0,,N,1,1,0,N,Y
764,연풍(특),00,045,958,310600,0,0,,N,0,0,0,N,Y
798,북여주(특),00,045,902,210600,0,0,043-881-2481,N,1,4,0,N,Y
935,남양평(특),00,045,902,210600, , ,,N,0,0,0,N,Y
102,동수원,00,050,901,210200,0,2,031-327-2108,Y,10,11,0,N,N
171,마성,00,050,901,210200,0,2,031-327-2113,Y,3,11,0,N,N
172,용인,00,050,902,210600,0,2,031-327-2140,Y,3,6,80,N,N
173,양지,00,050,902,210600,0,2,031-327-2141,Y,3,5,0,N,N
175,덕평,00,050,902,210600,0,2,031-327-2142,Y,2,3,0,N,N
176,이천,00,050,902,210600,0,2,031-327-2143,Y,4,6,0,N,N
177,여주,00,050,902,310100,0,2,031-327-2148,Y,3,4,0,N,N
178,문막,00,050,902,310100,0,2,033-812-2200,Y,2,4,0,N,N
180,원주,00,050,902,310100,0,2,033-812-2201,Y,2,6,0,N,N
181,새말,00,050,902,310100,0,2,033-812-2202,Y,2,3,0,N,N
182,둔내,00,050,902,310100,0,2,033-812-2203,Y,2,3,0,N,N
183,면온,00,050,902,310200,0,2,033-812-2204,Y,2,4,0,N,N
184,대관령,00,050,902,310200,0,2,033-812-2208,Y,2,10,0,N,N
185,평창,00,050,902,310200,0,2,033-812-2205,Y,2,3,0,N,N
186,속사,00,050,902,310200,0,2,033-812-2206,Y,1,3,0,N,N
187,진부,00,050,902,310200,0,2,033-812-2207,Y,2,5,0,N,N
212,북수원,00,050,901,210200,0,2,031-327-2109,Y,5,9,0,N,N
213,부곡,00,050,901,210200,0,2,031-327-2110,Y,3,6,0,N,N
214,동군포,00,050,901,210200,0,2,031-327-2111,Y,2,9,0,N,N
215,군포,00,050,901,210200,0,2,031-327-2112,Y,3,10,0,N,N
220,덕평휴게소,00,050,902,210600,0,1,031-327-2142,Y,2,3,0,N,N
254,군자,00,050,901,210200,0,2,031-327-2105,Y,10,16,1,N,N
255,서안산,00,050,901,210200,0,2,031-327-2106,Y,5,11,2,N,N
256,안산,00,050,901,210200,0,2,031-327-2107,Y,3,9,0,N,N
302,동수원(특),00,050,901,210200,0,0,0331-281-9390,N,6,10,3,N,Y
371,마성(특),00,050,901,210200,0,0,0335-32-5387,N,2,3,0,N,Y
372,용인(특),00,050,902,210600,0,0,0335-35-2373,N,2,3,0,N,Y
373,양지(특),00,050,902,210600,0,0,0335-32-3047,N,1,2,0,N,Y
375,덕평(특),00,050,902,210600,0,0,0336-32-2059,N,1,2,0,N,Y
376,이천(특),00,050,902,210600,0,0,0336-636-3603,N,2,4,0,N,Y
377,여주(특),00,050,902,310100,0,0,0337-83-5900,N,1,2,0,N,Y
378,문막(특),00,050,902,310100,0,0,0371-731-7079,N,2,3,0,N,Y
380,원주(특),00,050,902,310100,0,0,0371-42-4093,N,2,3,0,N,Y
381,새말(특),00,050,902,310100,0,0,0371-731-9078,N,1,3,1,N,Y
382,둔내(특),00,050,902,310100,0,0,,N,0,0,0,N,Y
383,면온(특),00,050,902,310200,0,0,,N,0,0,0,N,Y
384,횡계(특),00,050,902,310200,0,0,,N,0,0,0,N,Y
385,장평(특),00,050,902,310200,0,0,,N,0,0,0,N,Y
386,속사(특),00,050,902,310200,0,0,,N,0,0,0,N,Y
387,진부(특),00,050,902,310200,0,0,,N,0,0,0,N,Y
412,북수원(특),00,050,901,210200,0,0,0334-73-6583,N,2,4,0,N,Y
413,부곡(특),00,050,901,210200,0,0,0334-73-6583,N,2,4,0,N,Y
414,동군포(특),00,050,901,210200,0,0,0334-73-6583,N,2,4,0,N,Y
415,군포(특),00,050,901,210200,0,0,0334-73-6583,N,2,4,0,N,Y
420,덕평복합(특),00,050,902,210600,0,2,0345-83-9661,N,4,9,0,N,Y
454,군자(특),00,050,901,210200,0,0,0334-73-6583,N,2,4,0,N,Y
455,서안산(특),00,050,901,210200,0,0,0334-73-6583,N,2,4,0,N,Y
456,안산(특),00,050,901,210200,0,0,0334-73-6583,N,2,4,0,N,Y
734,동둔내,00,050,902,310200,0,1,033-812-2204,Y,2,3,0,N,N
934,동둔내(특),00,050,902,310200, , ,,N,0,0,0,N,Y
660,초월,34,054,944,903400,0,2,070-8031-5376,Y,0,0,0,N,N
661,동곤지암,34,054,944,903400,0,2,070-8032-4140,Y,0,0,0,N,N
662,흥천이포,34,054,944,903400,0,2,031-775-2665,Y,0,0,0,N,N
663,대신,34,054,944,903400,0,2,031-775-7306,Y,0,0,0,N,N
664,동여주,34,054,944,903400,0,2,070-8032-4140,Y,0,0,0,N,N
665,동양평,34,054,944,903400,0,2,070-8031-5399,Y,0,0,0,N,N
666,서원주,34,054,944,903400,0,2,033-731-8068,Y,0,0,0,N,N
667,경기광주JC,34,054,944,903400,0,2,070-8032-4140,Y,0,0,0,N,N
668,신평JC,34,054,944,903400,0,2,070-8032-4140,Y,0,0,0,N,N
669,원주JC,34,054,944,903400,0,2,070-8032-4140,Y,0,0,0,N,N
687,경기광주JC2,34,054,944,903400,0,2,,Y,0,0,0,N,Y
688,신평JC2,34,054,944,903400,0,2,,Y,0,0,0,N,Y
689,원주JC2,34,054,944,903400,0,2,,Y,0,0,0,N,Y
868,신평JC(특),34,054,944,903400,0,2,,N,0,0,0,N,Y
888,신평J2(특),34,054,944,903400,0,2,,N,0,0,0,N,Y
091,대동(개),00,055,906,710500,1,2,055-711-2809,Y,2,2,0,N,N
174,춘천,00,055,902,310400,0,2,033-812-2212,Y,3,10,0,N,N
179,홍천,00,055,902,310400,0,2,033-812-2211,Y,2,3,0,N,N
201,칠곡,00,055,905,610400,0,2,053-717-2795,Y,5,6,0,N,N
202,다부,00,055,905,610400,0,2,054-706-2740,Y,1,2,0,N,N
203,가산,00,055,905,610400,0,2,054-706-2739,Y,3,3,0,N,N
205,군위,00,055,905,610400,0,2,054-706-2710,Y,2,3,0,N,N
206,의성,00,055,905,610400,0,2,054-706-2736,Y,2,3,0,N,N
207,남안동,00,055,905,610500,0,2,054-706-2725,Y,2,3,0,N,N
208,서안동,00,055,905,610500,0,2,054-706-2726,Y,2,3,0,N,N
209,예천,00,055,905,610500,0,2,054-706-2733,Y,1,2,0,N,N
210,영주,00,055,905,610500,0,2,054-706-2729,Y,2,3,0,N,N
211,풍기,00,055,905,610500,0,2,054-706-2728,Y,2,3,0,N,N
216,횡성,00,055,902,310400,0,2,033-812-2210,Y,2,10,0,N,N
217,북원주,00,055,902,310400,0,2,033-812-2209,Y,1,10,0,N,N
218,남원주,00,055,958,310500,0,2,033-812-2230,Y,3,10,0,N,N
219,신림,00,055,958,310500,0,2,033-812-2231,Y,2,10,0,N,N
240,제천,00,055,958,310500,0,2,043-756-2310,Y,3,10,0,N,N
252,대동,00,055,906,710500,0,2,055-711-2809,Y,8,13,0,N,N
374,춘천(특),00,055,902,310400,0,0,,N,0,0,0,N,Y
379,홍천(특),00,055,902,310400,0,0,,N,0,0,0,N,Y
401,칠곡(특),00,055,905,610400,0,0,053-251-6114,N,3,5,0,N,Y
402,다부(특),00,055,905,610400,0,0,053-251-6114,N,1,2,0,N,Y
403,가산(특),00,055,905,610400,0,0,053-251-6114,N,1,2,0,N,Y
405,군위(특),00,055,905,610400,0,0,0571-54-1850,N,1,2,0,N,Y
406,의성(특),00,055,905,610400,0,0,0571-54-1850,N,1,2,0,N,Y
407,남안동(특),00,055,905,610500,0,0,0571-54-1850,N,1,2,0,N,Y
408,서안동(특),00,055,905,610500,0,0,0571-54-1850,N,1,2,0,N,Y
409,예천(특),00,055,905,610500,0,0,,N,8,8,0,N,Y
410,영주(특),00,055,905,610500,0,0,,N,8,8,0,N,Y
411,풍기(특),00,055,905,610500,0,0,,N,8,8,0,N,Y
416,횡성(특),00,055,902,310400,0,0,,N,0,0,0,N,Y
417,북원주(특),00,055,902,310400,0,0,,N,0,0,0,N,Y
418,남원주(특),00,055,958,310500,0,0,0371-732-8211,N,2,3,0,N,Y
419,신림(특),00,055,958,310500,0,0,,N,0,0,0,N,Y
440,제천(특),00,055,958,310500,0,0,,N,0,0,0,N,Y
452,대동(특),00,055,906,710500,0,0,051-809-5301,N,7,12,0,N,Y
521,단양,00,055,958,310500,0,2,043-756-2313,Y,1,10,0,N,N
522,북단양,00,055,958,310500,0,2,043-756-2312,Y,1,10,0,N,N
523,남제천,00,055,958,310500,0,2,043-756-2311,Y,1,10,0,N,N
634,대동(경),00,055,906,710500,0,0,051-809-5301,Y,7,12,0,N,Y
721,단양(특),00,055,958,310500,0,0,,N,0,0,0,N,Y
074,덕소삼패,10,060,918,901000,1,2,031-577-2733,Y,0,0,0,N,N
554,동홍천,00,060,902,310700,0,2,033-812-2213,Y,3,9,0,N,N
651,남양주,10,060,918,901000,0,2,031-576-3545,Y,0,0,0,N,N
652,화도,10,060,918,901000,0,2,031-559-2731,Y,0,0,0,N,N
653,서종,10,060,918,901000,0,2,031-771-6712,Y,0,0,0,N,N
654,설악,10,060,918,901000,0,2,031-584-2427,Y,0,0,0,N,N
655,강촌,10,060,918,901000,0,2,033-264-1057,Y,0,0,0,N,N
656,남춘천,10,060,918,901000,0,2,033-261-1662,Y,0,0,0,N,N
657,동산,10,060,918,901000,0,2,033-261-1093,Y,0,0,0,N,N
658,조양,10,060,918,901000,0,2,033-261-1093,Y,0,0,0,N,N
659,동산2,10,060,918,901000,0,2,,Y,0,0,0,N,Y
765,내촌,00,060,902,310900,0,2,033-812-2224,Y,3,3,0,N,N
766,인제,00,060,902,310900,0,2,033-812-2225,Y,3,3,0,N,N
768,서양양,00,060,902,310900,0,2,033-812-2226,Y,3,3,0,N,N
852,화도(특),10,060,918,901000,0,2,,N,0,0,0,N,Y
853,서종(특),10,060,918,901000,0,2,,N,0,0,0,N,Y
854,설악(특),10,060,918,901000,0,2,,N,0,0,0,N,Y
855,강촌(특),10,060,918,901000,0,2,,N,0,0,0,N,Y
856,남춘천(특),10,060,918,901000,0,2,,N,0,0,0,N,Y
857,동산3,10,060,918,901000,0,0,,Y,0,0,0,Y,Y
858,조양(특),10,060,918,901000,0,2,,N,0,0,0,N,Y
859,동산2(특),10,060,918,901000,0,2,,N,0,0,0,N,Y
965,내촌(특),00,060,902,310900,0,0,,N,0,0,0,N,Y
966,인제(특),00,060,902,310900,0,0,,N,0,0,0,N,Y
968,서양양(특),00,060,902,310900,0,0,,N,0,0,0,N,Y
189,강릉,00,065,902,310300,0,2,033-812-2216,Y,3,10,0,N,N
284,남양양,00,065,902,310300,0,2,033-812-2214,Y,3,10,0,N,N
389,강릉(특),00,065,902,310300,0,0,,N,0,0,0,N,Y
484,현남(특),00,065,902,310300,0,0,,N,0,0,0,N,Y
510,양양,00,065,902,310900,0,2,033-812-2228,Y,3,5,0,N,N
580,북강릉,00,065,902,310300,0,2,033-812-2215,Y,2,3,0,N,N
581,옥계,00,065,902,310300,0,2,033-812-2218,Y,3,10,0,N,N
582,망상,00,065,902,310300,0,2,033-812-2219,Y,2,3,0,N,N
583,동해,00,065,902,310300,0,2,033-812-2220,Y,4,6,0,N,N
584,남강릉,00,065,902,310300,0,2,033-812-2217,Y,5,9,0,N,N
585,하조대,00,065,902,310900,0,2,033-812-2229,Y,3,5,0,N,N
701,북양양,00,065,902,310900,0,2,033-812-2227,Y,3,5,0,N,N
702,속초,00,065,902,310900,0,2,033-812-2223,Y,3,5,0,N,N
703,삼척,00,065,902,310300,0,2,033-812-2221,Y,4,6,0,N,N
704,근덕,00,065,902,310300,0,2,033-812-2222,Y,4,6,0,N,N
706,남경주,00,065,906,710800,0,2,054-706-2704,Y,3,6,0,N,N
707,남포항,00,065,906,710800,0,2,054-706-2744,Y,3,6,0,N,N
708,동경주,00,065,906,710800,0,2,054-706-2703,Y,3,6,0,N,N
747,범서,00,065,906,710800,0,2,052-701-2891,Y,3,6,0,N,N
781,옥계(특),00,065,902,310300,0,0,,N,0,0,0,N,Y
782,망상(특),00,065,902,310300,0,0,,N,0,0,0,N,Y
783,동해(특),00,065,902,310300,0,0,,N,0,0,0,N,Y
784,남강릉(특),00,065,902,310300,0,0,,N,0,0,0,N,Y
785,하조대(특),00,065,902,310900,0,0,,N,0,0,0,N,Y
901,북양양(특),00,065,902,310900,0,0,,N,0,0,0,N,Y
902,속초(특),00,065,902,310900,0,0,,N,0,0,0,N,Y
903,삼척(특),00,065,902,310300,0,0,,N,0,0,0,N,Y
904,남삼척(특),00,065,902,310300,0,0,,N,0,0,0,N,Y
906,남경주(특),00,065,906,710800,0,0,,N,0,0,0,N,Y
907,남포항(특),00,065,906,710800,0,0,,N,0,0,0,N,Y
947,범서(특),00,065,906,710800,0,0,,N,0,0,0,N,Y
025,동부산,08,066,915,900800,1,2,051-722-7515,Y,3,5,0,N,N
642,문수,08,066,915,900800,0,2,052-277-7501,Y,4,6,0,N,N
643,청량,08,066,915,900800,0,2,052-260-6501,Y,5,7,0,N,N
644,온양,08,066,915,900800,0,2,052-237-1170,Y,3,4,0,N,N
645,장안,08,066,915,900800,0,2,051-727-3510,Y,2,2,0,N,N
646,기장일광,08,066,915,900800,0,2,051-721-2554,Y,3,5,0,N,N
647,해운대송정,08,066,915,900800,0,2,051-722-2514,Y,4,6,0,N,N
648,해운대,08,066,915,900800,0,2,051-722-2514,Y,3,5,0,Y,N
848,해운대(특),08,066,915,900800,0,0,,N,0,0,0,Y,Y
014,송파,00,100,901,210500,1,2,,N,0,0,0,N,N
061,성남,00,100,901,210500,1,2,031-327-2136,Y,14,14,0,N,N
062,구리남양주,00,100,901,210500,1,2,031-327-2137,Y,15,20,0,N,N
063,토평,00,100,901,210500,1,2,031-327-2138,Y,6,4,0,N,N
064,청계,00,100,901,210500,1,2,031-327-2139,Y,21,15,0,N,N
067,시흥,00,100,901,210800,1,2,031-327-2104,Y,12,12,0,N,N
068,김포,00,100,901,210100,1,2,031-327-2101,Y,14,14,0,N,N
145,산인,00,103,906,710300,0,2,055-711-2842,Y,4,10,0,N,N
289,마산,00,103,906,710300,0,2,055-711-2832,Y,4,10,0,N,N
345,산인(특),00,103,906,710300,0,0,,N,0,0,0,N,Y
489,마산(특),00,103,906,710300,0,0,,Y,0,0,0,N,Y
978,마산(경),00,103,906,710300,0,2,055-294-0360,Y,4,10,0,N,Y
029,가락(개),00,104,906,710300,1,2,051-793-2880,Y,6,4,0,N,N
244,서부산,00,104,906,710300,0,2,055-711-2807,Y,7,20,0,N,N
245,장유,00,104,906,710300,0,2,055-711-2811,Y,9,16,0,N,N
246,가락,00,104,906,710300,0,2,051-793-2880,Y,6,10,0,N,N
444,서부산(특),00,104,906,710300,0,0,,N,0,0,0,N,Y
445,장유(특),00,104,906,710300,0,0,,N,0,0,0,N,Y
446,가락(특),00,104,906,710300,0,0,,N,0,0,0,N,Y
596,가락2,00,104,906,710300,0,2,055-711-2807,Y,6,10,0,N,N
975,서부산(경),00,104,906,710300,0,2,055-329-3621,Y,7,20,0,N,Y
976,장유(경),00,104,906,710300,0,2,055-314-4660,Y,9,16,0,N,Y
977,가락(경),00,104,906,710300,0,2,051- 972-7246,Y,6,10,0,N,Y
696,남진례,37,105,947,903700,0,2,070-5143-6377,Y,0,0,0,Y,N
697,대청,37,105,947,903700,0,2,070-5143-6375,Y,0,0,0,Y,N
698,진해,37,105,947,903700,0,2,070-5143-6371,Y,0,0,0,Y,N
699,진해본선,37,105,947,903700,0,2,070-5143-6371,Y,0,0,0,Y,N
896,남진례(특),37,105,947,903700,0,0,,N,0,0,0,Y,Y
897,대청(특),37,105,947,903700,0,0,,N,0,0,0,Y,Y
898,진해(특),37,105,947,903700,0,0,,N,0,0,0,Y,Y
899,진해본선(특),37,105,947,903700,0,0,,N,0,0,0,Y,Y
040,안양과천,43,110,953,904300,1,2,031-756-6981,Y,0,4,0,N,N
041,북판교,43,110,953,904300,1,2,031-756-6984,Y,0,0,0,N,N
042,북청계,43,110,953,904300,1,2,031-756-6983,Y,0,0,0,N,N
043,북의왕,43,110,953,904300,1,2,031-756-6982,Y,0,0,0,N,N
053,남인천,00,110,901,210800,1,2,032-718-2191,Y,10,9,0,N,N
083,인천대교,12,111,920,901200,1,2,032-745-8200,Y,8,8,0,N,N
071,이패,17,112,925,901700,1,2,031)511-7676,Y,7,7,0,N,N
011,인천,00,120,901,210100,1,2,032-718-2190,Y,14,14,0,N,N
097,인천공항,05,130,916,900500,1,2,032-560-6200,Y,0,0,0,N,N
098,북인천,05,130,916,900500,1,2,032-560-6300,Y,0,0,0,N,N
099,청라,05,130,916,900500,1,2,032-560-6333,Y,0,0,0,N,N
591,동서천,00,151,903,810600,0,2,041-411-2422,Y,3,5,0,N,N
592,서부여,00,151,903,810600,0,2,041-411-2416,Y,3,5,0,N,N
593,부여,00,151,903,810600,0,2,041-411-2414,Y,3,5,0,N,N
594,청양,00,151,903,810600,0,2,041-411-2429,Y,2,3,0,N,N
595,서공주,00,151,903,810600,0,2,041-411-2403,Y,3,5,0,N,N
791,동서천(특),00,151,903,810600,0,0,,N,0,0,0,N,Y
792,서부여(특),00,151,903,810600,0,0,,N,0,0,0,N,Y
793,부여(특),00,151,903,810600,0,0,,N,0,0,0,N,Y
794,청양(특),00,151,903,810600,0,0,,N,0,0,0,N,Y
795,서공주(특),00,151,903,810600,0,0,,N,0,0,0,N,Y
681,장안본선,18,153,928,901800,0,3,031-494-0379,Y,8,8,0,N,N
682,조암,18,153,928,901800,0,2,031-494-0393,Y,3,3,0,N,N
683,송산마도,18,153,928,901800,0,2,031-494-0427,Y,3,3,0,N,N
684,남안산,18,153,928,901800,0,2,031-494-0436,Y,4,6,0,N,N
685,서시흥,18,153,928,901800,0,2,031-494-0430,Y,6,10,0,N,N
881,장안본선입구(가),00,153,901,210700,0,2,,Y,0,0,0,N,Y
882,조암(특),18,153,928,901800,0,2,,N,0,0,0,N,Y
883,송산마도(특),18,153,928,901800,0,2,,N,0,0,0,N,Y
884,남안산(특),18,153,928,901800,0,2,,N,0,0,0,N,Y
885,서시흥(특),18,153,928,901800,0,2,,N,0,0,0,N,Y
621,동대구,02,160,908,900200,0,2,053-961-0302,Y,3,8,3,Y,N
622,대구,02,160,908,900200,0,2,053-791-5388,Y,1,4,1,Y,N
623,수성,02,160,908,900200,0,2,053-791-7330,Y,1,3,1,N,N
624,청도,02,160,908,900200,0,2,054-373-5680,Y,3,6,0,N,N
625,밀양,02,160,908,900200,0,2,055-355-0924,Y,3,13,2,N,N
626,남밀양,02,160,908,900200,0,2,055-355-5451,Y,1,2,0,N,N
627,삼랑진,02,160,908,900200,0,2,055-351-0502,Y,3,4,0,N,N
628,상동,02,160,908,900200,0,2,055-323-1690,Y,3,6,1,N,N
629,김해부산,02,160,908,900200,0,2,055-323-3805,Y,4,9,0,Y,N
630,대구2,02,160,908,900200,0,0,,Y,0,0,0,Y,Y
631,김해부산2,02,160,908,900200,0,0,,Y,0,0,0,Y,Y
632,대구3,02,160,908,900200,0,0,,Y,0,0,0,Y,Y
082,금토분기점,62,171,972,906200,1,0,1599-2505,Y,20,20,0,N,N
084,서수지,09,171,917,900900,1,0,0000000001599 - 2505,Y,20,20,0,N,N
085,금토,09,171,917,900900,1,0,0000000001599 - 2505,Y,20,20,0,N,N
675,서오산,11,171,919,901100,0,2,070-8031-4226,Y,0,0,0,N,N
875,서오산(특),11,171,919,901100,0,2,,N,0,0,0,N,Y
544,완주,00,204,927,810400,0,2,063-712-2521,Y,4,6,0,N,N
545,소양,00,204,927,810700,0,2,063-712-2520,Y,3,3,0,N,N
109,계룡,00,251,927,810400,0,2,041-411-2400,Y,1,2,2,N,N
151,북대전,00,251,903,410200,0,2,042-714-2497,Y,3,6,0,N,N
152,유성,00,251,903,410200,0,2,042-714-2496,Y,4,9,0,N,N
309,계룡(특),00,251,927,810400,0,0,,N,0,0,0,N,Y
351,북대전(특),00,251,903,410200,0,0,042-862-3477,N,1,1,0,N,Y
352,유성(특),00,251,903,410200,0,0,042-822-0058,N,2,3,0,N,Y
599,양촌,00,251,927,810400,0,1,041-411-2400,Y,3,3,0,N,N
799,양촌(특),00,251,927,810400,0,1,055-761-7652,N,3,3,0,N,Y
710,밀양출구JC,00,253,906,710900,0,3,055-711-2849,Y,2,2,0,N,N
720,밀양입구JC,00,253,906,710900,0,3,055-711-2849,Y,2,2,0,N,N
770,울주동JC,00,253,906,710900,0,3,055-711-2849,Y,2,2,0,N,N
771,배내골,00,253,906,710900,0,2,055-711-2849,Y,2,3,0,N,N
780,울주서JC,00,253,906,710900,0,3,055-711-2849,Y,2,2,0,N,N
153,서대전,00,300,903,410500,0,2,042-714-2495,Y,3,5,0,N,N
154,안영,00,300,903,410500,0,2,042-714-2494,Y,2,4,0,N,N
353,서대전(특),00,300,903,410500,0,0,042-822-9975,N,2,2,0,N,Y
354,안영(특),00,300,903,410500,0,0,,N,0,0,0,N,Y
600,낙동JC,45,301,955,904500,0,2,054-536-9158,Y,0,0,0,N,N
610,낙동JC2,45,301,955,904500,0,2,054-536-9158,Y,0,0,0,N,Y
611,도개,45,301,955,904500,0,2,054-536-9156,Y,0,0,0,N,N
614,서군위,45,301,955,904500,0,2,,Y,0,0,0,N,N
615,동군위,45,301,955,904500,0,2,054-536-9157,Y,0,0,0,N,N
616,신녕,45,301,955,904500,0,2,054-536-9158,Y,0,0,0,N,N
617,북안,45,301,955,904500,0,2,,Y,0,0,0,N,N
620,영천JC,45,301,955,904500,0,2,054-536-9158,Y,0,0,0,N,N
633,화산출구JC2,45,301,955,904500,0,2,,Y,0,0,0,N,Y
640,영천JC2,45,301,955,904500,0,2,,Y,0,0,0,N,Y
649,군위출구JC2,45,301,955,904500,0,2,,Y,0,0,0,N,Y
650,군위출구JC,45,301,955,904500,0,2,,Y,0,0,0,N,N
670,군위입구JC,45,301,955,904500,0,2,054-536-9158,Y,0,0,0,N,N
680,화산출구JC,45,301,955,904500,0,2,,Y,0,0,0,N,N
686,동영천,45,301,955,904500,0,2,054-536-9159,Y,0,0,0,N,N
690,화산입구JC,45,301,955,904500,0,2,054-536-9158,Y,0,0,0,N,N
800,낙동JC(특),45,301,955,904500,0,2,054-536-9158,N,0,0,0,N,Y
810,낙동JC2(특),45,301,955,904500,0,2,054-536-9158,N,0,0,0,N,Y
849,군위출구J2(특),45,301,955,904500,0,2,,N,0,0,0,N,Y
880,화산출구JC(특),45,301,955,904500,0,2,,N,0,0,0,N,Y
671,봉담,11,400,919,901100,0,2,070-8031-4294,Y,0,0,0,N,N
672,정남,11,400,919,901100,0,2,070-8031-4600,Y,0,0,0,N,N
673,북오산,11,400,919,901100,0,2,070-8031-4227,Y,0,0,0,N,N
674,동탄(가),11,400,919,901100,0,2,031-377-0460,Y,0,0,0,N,Y
678,동탄2,11,400,919,901100,0,2,,Y,0,0,0,N,Y
679,봉담(가),11,400,919,901100,0,2,,Y,0,0,0,N,Y
691,금곡,28,400,938,902800,0,2,070-8031-5010,Y,0,0,0,N,N
692,동안산당수,28,400,938,902800,0,2,070-8031-5025,Y,0,0,0,N,N
693,남군포,28,400,938,902800,0,2,070-8031-5060,Y,0,0,0,N,N
694,동시흥,28,400,938,902800,0,2,070-8031-5078,Y,0,0,0,N,N
695,남광명,28,400,938,902800,0,2,070-8031-5100,Y,0,0,0,N,N
801,남봉담,48,400,912,904800,0,2,070-8031-3784,Y,0,0,0,N,N
802,청요동,48,400,912,904800,0,3,,Y,0,0,0,N,N
803,남비봉팔탄,48,400,912,904800,0,2,070-8031-3776,Y,0,0,0,N,N
804,화성,48,400,912,904800,0,2,070-8031-1092,Y,0,0,0,N,N
805,마도,48,400,912,904800,0,2,070-8031-1087,Y,0,0,0,N,N
806,마도서,48,400,912,904800,0,3,,Y,0,0,0,N,N
807,청요동2,48,400,912,904800,0,3,,Y,0,0,0,N,Y
808,마도서2,48,400,912,904800,0,3,,Y,0,0,0,N,Y
812,청요서,48,400,912,904800,0,3,,Y,0,0,0,N,N
816,마도동,48,400,912,904800,0,3,,Y,0,0,0,N,N
817,청요서2,48,400,912,904800,0,3,,Y,0,0,0,N,Y
818,마도동2,48,400,912,904800,0,3,,Y,0,0,0,N,Y
819,청요서3,48,400,912,904800,0,3,,Y,0,0,0,N,Y
830,노곡,49,400,959,904900,0,3,,Y,0,0,0,N,N
831,도척,49,400,959,904900,0,2,070-8031-5272,Y,0,0,0,N,N
832,포곡,49,400,959,904900,0,2,070-8031-5264,Y,0,0,0,N,N
833,서용인서,49,400,959,904900,0,3,,Y,0,0,0,N,N
834,서용인동,49,400,959,904900,0,3,,Y,0,0,0,N,N
835,서용인,49,400,959,904900,0,2,070-8031-5260,Y,0,0,0,N,N
836,동탄,49,400,959,904900,0,2,070-8031-5254,Y,0,0,0,N,N
837,중리,49,400,959,904900,0,3,,Y,0,0,0,N,N
838,노곡2,49,400,959,904900,0,0,,Y,0,0,0,N,Y
841,서용인서2,49,400,959,904900,0,0,,Y,0,0,0,N,Y
842,서용인서3,49,400,959,904900,0,0,,Y,0,0,0,N,Y
843,서용인동2,49,400,959,904900,0,0,,Y,0,0,0,N,Y
844,서용인동3,49,400,959,904900,0,0,,Y,0,0,0,N,Y
845,중리2,49,400,959,904900,0,0,,Y,0,0,0,N,Y
846,서용인동4,49,400,959,904900,0,0,,Y,0,0,0,N,Y
847,서용인서4,49,400,959,904900,0,0,,Y,0,0,0,N,Y
871,봉담(특),11,400,919,901100,0,2,,N,0,0,0,N,Y
872,정남(특),11,400,919,901100,0,2,,N,0,0,0,N,Y
873,북오산(특),11,400,919,901100,0,2,,N,0,0,0,N,Y
874,동탄(특),11,400,919,901100,0,2,,N,0,0,0,N,Y
878,동탄2(특),11,400,919,901100,0,2,,N,0,0,0,N,Y
893,남군포(특),28,400,938,902800,0,2,,N,0,0,0,N,Y
894,동시흥(특),28,400,938,902800,0,2,,N,0,0,0,N,Y
895,남광명(특),28,400,938,902800,0,2,,N,0,0,0,N,Y
231,화원옥포,00,451,905,610400,0,2,053-717-2793,Y,6,10,0,N,N
232,달성,00,451,906,710200,0,2,053-717-2791,Y,2,4,0,N,N
431,화원(특),00,451,905,610400,0,0,053-251-6114,N,4,9,0,N,Y
432,달성(특),00,451,906,710200,0,0,053-251-6114,N,1,2,0,N,Y
519,남대구,00,451,905,610400,0,2,053-717-2790,Y,2,3,0,N,N
719,남대구(특),00,451,905,610400,0,0,053-552-7924,N,3,6,0,N,Y
730,유천,00,451,905,610400,0,1,053-717-2790,Y,1,1,0,N,N
731,북현풍,00,451,906,710200,0,1,053-717-2792,Y,1,1,0,N,N
031,의왕,03,500,909,900300,1,2,031) 458-3091,Y,18,18,0,N,N
250,남양산,00,551,906,710500,0,2,055-711-2820,Y,3,5,0,N,N
251,물금,00,551,906,710500,0,2,055-711-2821,Y,2,3,0,N,N
450,남양산(특),00,551,906,710500,0,0,051-809-5301,N,3,5,0,N,Y
451,물금(특),00,551,906,710500,0,0,02-237-0962/3,N,2,3,0,N,Y
635,물금(경),00,551,906,710500,0,0,02-237-0962/3,Y,2,3,0,N,Y
636,남양산(경),00,551,906,710500,0,0,051-809-5301,Y,3,5,0,N,Y
026,호원,04,600,910,900400,1,2,031-894-7960,Y,0,0,0,N,N
032,일산,04,600,910,900400,1, ,,N,0,0,0,N,N
033,고양,04,600,910,900400,1,2,031-994-6300,Y,0,10,4,N,N
034,통일로,04,600,910,900400,1,2,031-994-6400,Y,0,10,4,N,N
035,양주(개),04,600,910,900400,1,2,031-894-6300,Y,0,15,12,N,N
036,송추,04,600,910,900400,1,2,031-894-6200,Y,0,10,3,N,N
037,별내,04,600,910,900400,1,2,031-522-6400,Y,0,15,3,N,N
038,불암산,04,600,910,900400,1,2,031-522-6300,Y,0,15,11,N,N
039,불암산2,04,600,910,900400,1,0,031-522-6300,Y,0,10,3,N,Y
547,무안공항,00,600,904,510500,0,2,061-882-2619,Y,3,4,0,N,N
548,북무안,00,600,904,510500,0,2,061-882-2619,Y,3,3,0,N,N
549,동함평,00,600,904,510500,0,2,061-882-2636,Y,3,3,0,N,N
550,문평,00,600,904,510500,0,2,061-882-2612,Y,3,3,0,N,N
551,나주,00,600,904,510500,0,2,061-882-2611,Y,0,0,0,N,N
552,서광산,00,600,904,510500,0,2,062-719-2691,Y,3,3,0,N,N
553,동광산,00,600,904,510500,0,2,062-719-2690,Y,3,5,0,N,N
447,남원(특),00,627,904,510400,0,0,0671-33-2011,N,1,2,0,N,Y
556,동순천,00,627,904,510900,0,2,061-882-2605,Y,2,3,0,N,N
557,황전,00,627,904,510900,0,2,061-882-2628,Y,1,2,0,N,N
558,구례화엄사,00,627,904,510900,0,2,061-882-2610,Y,4,14,0,N,N
559,서남원,00,627,904,510900,0,2,063-712-2510,Y,4,14,0,N,N
586,북남원,00,627,904,510900,0,2,063-712-2508,Y,1,2,0,N,N
587,오수,00,627,904,510900,0,2,063-712-2525,Y,4,14,0,N,N
588,임실,00,627,904,510900,0,2,063-712-2524,Y,4,14,0,N,N
589,상관,00,627,927,810700,0,2,063-712-2519,Y,4,14,0,N,N
590,동전주,00,627,927,810700,0,2,063-712-2528,Y,4,14,0,N,N
759,서남원(특),00,627,904,510900,0,0,0671-33-2011,N,1,2,0,N,Y
786,북남원(특),00,627,904,510900,0,2,063-636-0383,N,1,2,0,N,Y
787,오수(특),00,627,904,510900,0,0,0671-33-2011,N,1,2,0,N,Y
788,임실(특),00,627,904,510900,0,0,0671-33-2011,N,1,2,0,N,Y
789,상관(특),00,627,927,810700,0,0,0671-33-2011,N,1,2,0,N,Y
790,동전주(특),00,627,927,810700,0,0,0671-33-2011,N,1,2,0,N,Y
746,기장일광입구,00,688,906,710100,0,2,051-721-2554,Y,3,3,0,N,N
750,기장동JC,00,688,906,710100,0,3,,Y,2,5,0,N,N
751,기장일광(KEC),00,688,906,710100,0,2,051-721-2554,Y,3,3,0,N,N
752,기장철마,00,688,906,710100,0,2,051-793-2885,Y,3,3,0,N,N
753,금정,00,688,906,710100,0,2,051-793-2884,Y,3,3,0,N,N
754,김해가야휴게소,00,688,906,710100,0,1,051-793-2884,Y,2,2,0,N,N
755,광재,00,688,906,710500,0,2,055-711-2810,Y,2,2,0,N,N
756,한림,00,688,906,710500,0,2,055-711-2800,Y,2,2,0,N,N
757,진영,00,688,906,710500,0,2,055-711-2813,Y,2,2,0,N,N
758,진영휴게소,00,688,906,710500,0,3,,Y,2,5,0,N,N
760,기장서JC,00,688,906,710100,0,3,,Y,2,5,0,N,N
761,기장서JC2,00,688,906,710100,0,2,,Y,0,0,0,N,Y
057,다사,00,700,905,610200,1,2,053-717-2784,Y,2,2,0,N,N
058,지천,00,700,905,610200,1,2,054-706-2747,Y,2,2,0,N,N
769,율암동대구,00,700,905,610200,0,2,053-717-2783,N,5,15,1,N,N
772,북달성,00,700,905,610200,0,2,053-717-2785,Y,5,15,1,N,N
773,북다사,00,700,905,610200,0,2,053-717-2786,Y,5,15,1,N,N
774,남칠곡,00,700,905,610200,0,2,054-706-2746,Y,5,15,1,N,N
775,동명동호,00,700,905,610200,0,2,054-706-2748,Y,5,15,1,N,N
776,연경,00,700,905,610200,0,2,053-717-2787,Y,5,15,1,N,N
777,파군재,00,700,905,610200,0,2,053-717-2788,Y,5,15,1,N,N
778,둔산,00,700,905,610200,0,2,053-717-2789,Y,5,15,1,N,N
779,율암,00,700,905,610200,0,2,053-717-2783,Y,5,15,1,N,N
998,최장,00,999,   ,      ,0,0,,Y,0,0,0,N,Y
